mesh_id,cache_path,pt_path,obj_path,mask_cells,vertex_count,face_count,status,error,export_status,export_error
252119,/export/livia/home/vision/Wcharawi/dev/DCCVT/outputs/neural_hotspot_sdf/thingi32_g33/252119.npz,out_hotspot_retrained/HotSpot_pretrained_PoNQ_ABC_retrained_32/252119.pt,out_hotspot_retrained/HotSpot_pretrained_PoNQ_ABC_retrained_32/252119.obj,611,1518,3030,ok,,ok,
313444,/export/livia/home/vision/Wcharawi/dev/DCCVT/outputs/neural_hotspot_sdf/thingi32_g33/313444.npz,out_hotspot_retrained/HotSpot_pretrained_PoNQ_ABC_retrained_32/313444.pt,out_hotspot_retrained/HotSpot_pretrained_PoNQ_ABC_retrained_32/313444.obj,1394,2998,5974,ok,,ok,
316358,/export/livia/home/vision/Wcharawi/dev/DCCVT/outputs/neural_hotspot_sdf/thingi32_g33/316358.npz,out_hotspot_retrained/HotSpot_pretrained_PoNQ_ABC_retrained_32/316358.pt,out_hotspot_retrained/HotSpot_pretrained_PoNQ_ABC_retrained_32/316358.obj,1070,2776,5556,ok,,ok,
354371,/export/livia/home/vision/Wcharawi/dev/DCCVT/outputs/neural_hotspot_sdf/thingi32_g33/354371.npz,out_hotspot_retrained/HotSpot_pretrained_PoNQ_ABC_retrained_32/354371.pt,out_hotspot_retrained/HotSpot_pretrained_PoNQ_ABC_retrained_32/354371.obj,1602,3570,7138,ok,,ok,
441708,/export/livia/home/vision/Wcharawi/dev/DCCVT/outputs/neural_hotspot_sdf/thingi32_g33/441708.npz,out_hotspot_retrained/HotSpot_pretrained_PoNQ_ABC_retrained_32/441708.pt,out_hotspot_retrained/HotSpot_pretrained_PoNQ_ABC_retrained_32/441708.obj,1168,2930,5852,ok,,ok,
44234,/export/livia/home/vision/Wcharawi/dev/DCCVT/outputs/neural_hotspot_sdf/thingi32_g33/44234.npz,out_hotspot_retrained/HotSpot_pretrained_PoNQ_ABC_retrained_32/44234.pt,out_hotspot_retrained/HotSpot_pretrained_PoNQ_ABC_retrained_32/44234.obj,870,2122,4230,ok,,ok,
47984,/export/livia/home/vision/Wcharawi/dev/DCCVT/outputs/neural_hotspot_sdf/thingi32_g33/47984.npz,out_hotspot_retrained/HotSpot_pretrained_PoNQ_ABC_retrained_32/47984.pt,out_hotspot_retrained/HotSpot_pretrained_PoNQ_ABC_retrained_32/47984.obj,597,1581,3156,ok,,ok,
527631,/export/livia/home/vision/Wcharawi/dev/DCCVT/outputs/neural_hotspot_sdf/thingi32_g33/527631.npz,out_hotspot_retrained/HotSpot_pretrained_PoNQ_ABC_retrained_32/527631.pt,out_hotspot_retrained/HotSpot_pretrained_PoNQ_ABC_retrained_32/527631.obj,1655,3451,6904,ok,,ok,
53159,/export/livia/home/vision/Wcharawi/dev/DCCVT/outputs/neural_hotspot_sdf/thingi32_g33/53159.npz,out_hotspot_retrained/HotSpot_pretrained_PoNQ_ABC_retrained_32/53159.pt,out_hotspot_retrained/HotSpot_pretrained_PoNQ_ABC_retrained_32/53159.obj,917,2309,4610,ok,,ok,
58168,/export/livia/home/vision/Wcharawi/dev/DCCVT/outputs/neural_hotspot_sdf/thingi32_g33/58168.npz,out_hotspot_retrained/HotSpot_pretrained_PoNQ_ABC_retrained_32/58168.pt,out_hotspot_retrained/HotSpot_pretrained_PoNQ_ABC_retrained_32/58168.obj,1553,3637,7280,ok,,ok,
64444,/export/livia/home/vision/Wcharawi/dev/DCCVT/outputs/neural_hotspot_sdf/thingi32_g33/64444.npz,out_hotspot_retrained/HotSpot_pretrained_PoNQ_ABC_retrained_32/64444.pt,out_hotspot_retrained/HotSpot_pretrained_PoNQ_ABC_retrained_32/64444.obj,1205,2532,5056,ok,,ok,
64764,/export/livia/home/vision/Wcharawi/dev/DCCVT/outputs/neural_hotspot_sdf/thingi32_g33/64764.npz,out_hotspot_retrained/HotSpot_pretrained_PoNQ_ABC_retrained_32/64764.pt,out_hotspot_retrained/HotSpot_pretrained_PoNQ_ABC_retrained_32/64764.obj,1390,3107,6214,ok,,ok,
68380,/export/livia/home/vision/Wcharawi/dev/DCCVT/outputs/neural_hotspot_sdf/thingi32_g33/68380.npz,out_hotspot_retrained/HotSpot_pretrained_PoNQ_ABC_retrained_32/68380.pt,out_hotspot_retrained/HotSpot_pretrained_PoNQ_ABC_retrained_32/68380.obj,1054,2575,5146,ok,,ok,
68381,/export/livia/home/vision/Wcharawi/dev/DCCVT/outputs/neural_hotspot_sdf/thingi32_g33/68381.npz,out_hotspot_retrained/HotSpot_pretrained_PoNQ_ABC_retrained_32/68381.pt,out_hotspot_retrained/HotSpot_pretrained_PoNQ_ABC_retrained_32/68381.obj,1483,3568,7138,ok,,ok,
72870,/export/livia/home/vision/Wcharawi/dev/DCCVT/outputs/neural_hotspot_sdf/thingi32_g33/72870.npz,out_hotspot_retrained/HotSpot_pretrained_PoNQ_ABC_retrained_32/72870.pt,out_hotspot_retrained/HotSpot_pretrained_PoNQ_ABC_retrained_32/72870.obj,934,1799,3588,ok,,ok,
72960,/export/livia/home/vision/Wcharawi/dev/DCCVT/outputs/neural_hotspot_sdf/thingi32_g33/72960.npz,out_hotspot_retrained/HotSpot_pretrained_PoNQ_ABC_retrained_32/72960.pt,out_hotspot_retrained/HotSpot_pretrained_PoNQ_ABC_retrained_32/72960.obj,1628,2975,5944,ok,,ok,
73075,/export/livia/home/vision/Wcharawi/dev/DCCVT/outputs/neural_hotspot_sdf/thingi32_g33/73075.npz,out_hotspot_retrained/HotSpot_pretrained_PoNQ_ABC_retrained_32/73075.pt,out_hotspot_retrained/HotSpot_pretrained_PoNQ_ABC_retrained_32/73075.obj,552,1287,2564,ok,,ok,
75496,/export/livia/home/vision/Wcharawi/dev/DCCVT/outputs/neural_hotspot_sdf/thingi32_g33/75496.npz,out_hotspot_retrained/HotSpot_pretrained_PoNQ_ABC_retrained_32/75496.pt,out_hotspot_retrained/HotSpot_pretrained_PoNQ_ABC_retrained_32/75496.obj,1040,2311,4618,ok,,ok,
75655,/export/livia/home/vision/Wcharawi/dev/DCCVT/outputs/neural_hotspot_sdf/thingi32_g33/75655.npz,out_hotspot_retrained/HotSpot_pretrained_PoNQ_ABC_retrained_32/75655.pt,out_hotspot_retrained/HotSpot_pretrained_PoNQ_ABC_retrained_32/75655.obj,1021,2604,5204,ok,,ok,
75656,/export/livia/home/vision/Wcharawi/dev/DCCVT/outputs/neural_hotspot_sdf/thingi32_g33/75656.npz,out_hotspot_retrained/HotSpot_pretrained_PoNQ_ABC_retrained_32/75656.pt,out_hotspot_retrained/HotSpot_pretrained_PoNQ_ABC_retrained_32/75656.obj,999,2685,5368,ok,,ok,
75662,/export/livia/home/vision/Wcharawi/dev/DCCVT/outputs/neural_hotspot_sdf/thingi32_g33/75662.npz,out_hotspot_retrained/HotSpot_pretrained_PoNQ_ABC_retrained_32/75662.pt,out_hotspot_retrained/HotSpot_pretrained_PoNQ_ABC_retrained_32/75662.obj,1339,3133,6264,ok,,ok,
75665,/export/livia/home/vision/Wcharawi/dev/DCCVT/outputs/neural_hotspot_sdf/thingi32_g33/75665.npz,out_hotspot_retrained/HotSpot_pretrained_PoNQ_ABC_retrained_32/75665.pt,out_hotspot_retrained/HotSpot_pretrained_PoNQ_ABC_retrained_32/75665.obj,1186,2951,5898,ok,,ok,
76277,/export/livia/home/vision/Wcharawi/dev/DCCVT/outputs/neural_hotspot_sdf/thingi32_g33/76277.npz,out_hotspot_retrained/HotSpot_pretrained_PoNQ_ABC_retrained_32/76277.pt,out_hotspot_retrained/HotSpot_pretrained_PoNQ_ABC_retrained_32/76277.obj,1181,2757,5520,ok,,ok,
77245,/export/livia/home/vision/Wcharawi/dev/DCCVT/outputs/neural_hotspot_sdf/thingi32_g33/77245.npz,out_hotspot_retrained/HotSpot_pretrained_PoNQ_ABC_retrained_32/77245.pt,out_hotspot_retrained/HotSpot_pretrained_PoNQ_ABC_retrained_32/77245.obj,1205,2889,5776,ok,,ok,
78671,/export/livia/home/vision/Wcharawi/dev/DCCVT/outputs/neural_hotspot_sdf/thingi32_g33/78671.npz,out_hotspot_retrained/HotSpot_pretrained_PoNQ_ABC_retrained_32/78671.pt,out_hotspot_retrained/HotSpot_pretrained_PoNQ_ABC_retrained_32/78671.obj,521,1191,2364,ok,,ok,
79241,/export/livia/home/vision/Wcharawi/dev/DCCVT/outputs/neural_hotspot_sdf/thingi32_g33/79241.npz,out_hotspot_retrained/HotSpot_pretrained_PoNQ_ABC_retrained_32/79241.pt,out_hotspot_retrained/HotSpot_pretrained_PoNQ_ABC_retrained_32/79241.obj,898,2115,4228,ok,,ok,
90889,/export/livia/home/vision/Wcharawi/dev/DCCVT/outputs/neural_hotspot_sdf/thingi32_g33/90889.npz,out_hotspot_retrained/HotSpot_pretrained_PoNQ_ABC_retrained_32/90889.pt,out_hotspot_retrained/HotSpot_pretrained_PoNQ_ABC_retrained_32/90889.obj,1319,2821,5642,ok,,ok,
92763,/export/livia/home/vision/Wcharawi/dev/DCCVT/outputs/neural_hotspot_sdf/thingi32_g33/92763.npz,out_hotspot_retrained/HotSpot_pretrained_PoNQ_ABC_retrained_32/92763.pt,out_hotspot_retrained/HotSpot_pretrained_PoNQ_ABC_retrained_32/92763.obj,1149,2471,4932,ok,,ok,
92880,/export/livia/home/vision/Wcharawi/dev/DCCVT/outputs/neural_hotspot_sdf/thingi32_g33/92880.npz,out_hotspot_retrained/HotSpot_pretrained_PoNQ_ABC_retrained_32/92880.pt,out_hotspot_retrained/HotSpot_pretrained_PoNQ_ABC_retrained_32/92880.obj,988,2094,4174,ok,,ok,
95444,/export/livia/home/vision/Wcharawi/dev/DCCVT/outputs/neural_hotspot_sdf/thingi32_g33/95444.npz,out_hotspot_retrained/HotSpot_pretrained_PoNQ_ABC_retrained_32/95444.pt,out_hotspot_retrained/HotSpot_pretrained_PoNQ_ABC_retrained_32/95444.obj,696,1447,2880,ok,,ok,
96481,/export/livia/home/vision/Wcharawi/dev/DCCVT/outputs/neural_hotspot_sdf/thingi32_g33/96481.npz,out_hotspot_retrained/HotSpot_pretrained_PoNQ_ABC_retrained_32/96481.pt,out_hotspot_retrained/HotSpot_pretrained_PoNQ_ABC_retrained_32/96481.obj,688,1759,3500,ok,,ok,
